,Name,ID,Category,Symbol,Sequence,Database
0,acnA,NCBI:946724,mRNA,acnA,ATTCGGAACGAGGCCTGAAGCAGTGTCGCCGTCCCTCTGCCTTGCACAAAAAGCACAAGCATTCCTTAGCAGCTCAGGCGCACCTANGTGGGAGCCCAGCACACTGCTTCTCGGAGGCCAGGCCCTCCTGCTGGCTGAGGCTTGGGCCCAGTAGCCCCAATATGGTGGCCCTGGGGAAGAGGCCTTGGGGGTCTGCTCTGTGCCTGGGATCAGTGGGGNCCCAAANGCCAGCCCTNCTGANCAACATTNAAAATGNACAAAACCTNGGGGACTTTTGNTTTTGNTTTTNCCCTT,RNAInter
1,acrZ,NCBI:945365,mRNA,acrZ,ACTTACTACTGTCTTCGGGGGGTCCGAGGTTTCTGGGGGGTCGTACACCGATAAACTCAT,RNAInter
4,argR,NCBI:947861,mRNA,argR,GACAATGGCGATAGTATGGCGGTTGTTTCTTTCCCATCTCTACTCAACAAGTCAACCTTATCCTCTTCACTCTTTACTCCCACTTTCCTCCCGGCGAAATCCTCTTCACTTCTCATCAAATCATCACCCAAAACCAGATTCGTTGTTTCATCATCCATGGAAGCTGGAATCGGAGTAATGGGGTCAAAACTCGGAATGATGAGTTTNTTCGAAGAAGACGGGCACAGTAGTTCCAGTAACAGTCGTCGGATTCCGCGAAGGTAACATCGTAACTCAAATCAAAACCCTAGCCACCGACGGTTACGACGGGGGTTCAAAATCGGTTACCGTCGGTGTACGGGGCAAAAAGNTNACTTAAACCGGGAAACCGGTCATTTCCAAAAAGCCGGTANAATTCCCATTGGGGCATNTCCAGGGGTTCAGNTTNCAAAACATTGGAGGGTTTTGANCCGNNCCNNAGGTTTTTTTCGTTGGGGNTTTTAAAGGA,RNAInter
6,asr,NCBI:945103,mRNA,asr,TGCTCCTTCTGCTGATGCCCCCATGTTTGTGATGGGCGTGAACCATGAGAAGTATGACAACTCCCTCAAGATTGTCAGCAATGCCTCCTGCACCACCAACTGCTTGGCTCCTCTAGCCAAAGTCATCCATGACCACTTCGGCATCGTGGAGGGCCTCATGACCACCGTCCATGCCATCACTGCCACCCAGA,RNAInter
9,chbC,NCBI:945982,mRNA,chbC,NCTATCATACTTTAGAAAAGCCATAGAGGGAAATTTTGTGAATAAGAATAAGTATGTACCCTTAGTGATTCATGCCATGGAACCACGTTATAAGTGAAAGAATTTTAAAGCAAGTNATTTCTAGTAACTTAATTCCTTGGAAAGAGTATAAGAATTAAATTGTACATTTTTGTGTTCAAATAGAAAACTACAAGGCTCTGACATACAGTAATATAACCCTAATTAGACACTTACTAATTTAAAATTTATATTTGGCCGGGAACGGTGGGCTCATGCCTGCAATCCCAGGCACATTGGGGAGGCGGAGATGGGGCAGATTGCCTGGAGGCTCAGGGAGTTCAAGACCAGACTGAGGCAACAAGGGTGAAACACCATCTCTACTAAAACACAAANGGAATTAGGCCGTGTGTAGGCCGTGTTGCATCNGCAGTCCCCGGCTACTGGGGNGGGCCGAGGGNTT,RNAInter
10,cheZ,NCBI:946392,mRNA,cheZ,GGTAGTTTTAGCTTGGCTCCAGTGTTAATATTATATTCAGTAGCAGCCTTAGAAGAGTGGTCTAAGACTTGAACCTGGAGCAATTTTATAGCACAGAATCCTACGAAGATAGGACTGTGAACATTTGTTTTCTTTTTCGTGTGTGTCAAACTAACTGGTTTTTGCTTTACCAATAAAATGTCCTCGGCAGAGTAAAATTTTAAACGTGAAAATTA,RNAInter
11,chiP,NCBI:945296,mRNA,chiP,GCCTGTGACGGGGTCGGTTTGTACACCGATAAACTCAT,RNAInter
17,citG,NCBI:946395,mRNA,citG,CCAGGGATCTGAGCAGCTCCTTCTAGCATCCTTCATCCTTCAGGTACCAGNCATCCAGACAGTGCTTGAGCTGCAGAAACTGAGACCAGACCTCTGGCCTGGCCCTCCCCAGGGGCCTCCTTTCCTATAGTCACTGCTTCTGCATCAGATACTTTCAGCTGCAACTCCCTACTGGGTGGGGCACCATTTCAGGCAGAAGGTTTTGGTACCCTCCACTGACCCTACACCCAGGGCTGCTACTGCCGCTTGTGGCTTCAGGATGAAAGGTGAGACCCCGGTGAACAGCACTATGAGTATTGGGCAAGCACGCAAGATTGGTNGAACAGCTTTAAGATTGAAGGCCAGCTTGTGTTCGGATAAAGGTGTTCCAAGGNAGCAGCAGACCTGATGATTTATTG,RNAInter
18,clpB,NCBI:947077,mRNA,clpB,AGATTAGCTTTTTTAAAAAAACATCCCATAAAACAGTAGAAACTCAGTTCCCTTCTCAGGGGCACACACATCCAAGGCACCGTGGACTGTGTTTCCATCCTGGCCTAGAGGAGCAGTAAAAGATAGCATTTGGTTTGACATGGCCTTAGTGAGTCCTGCCTTTCCTAGCATGCACACAACATCCTCTCTTTGAGTTTGGGTTCTCCCCAGCCCCTTGGCCTCTGAGGCTGAGGGTGGCTTCCTCCCATCCTCCCATCTCAGTGGTTCCATGGCGCTCCCTTCGGCACGTGCGGTTTCCGCCCTCCCTTCCTGGGGTGTGGAAAGGCAGCCAGACCTCTTTTTCAGAAGTTGTTGGTTCCCTGATTTTTGTCTTGAGCAGGCACCATCCCTGTTNCCCTTGCTTGCAGGTTAGAATTGGCACAGAGTTTAAGGTTTCCNTAATNAAATTGTTAGGTGGTTTTGAAGAAGATGTTCNGGGCATGGCTCAGCACCCCAGCAAGAGCATTGCATCTTTGCTGAATCCA,RNAInter
27,csiE,NCBI:947009,mRNA,csiE,GCTGATTTTCATGAGTCGCCTTCAAAACTCTCGTGTAGGGTTGACAATGTGGNGGGGTGGGGGATCCAGCTTATTCTTTTATTTTCAAGTCCATTCTTGGGGCTGGTGGGGAGGCAGGAGAATACCCCTCCCTAAGCCCTTAGTGTGTGCCGAGCTTGCTTTGTGATGTTGGCAGGGGAGGGGAGACCTGGGTGGTGACTGAGTTCCCTTTATCAAACCCTTCAATGGGCACAAAATTGAGTGCTTGATTTTAGGTTTTATTTTTTTATGAATGTCCAAATCTGTGTTTCCCCCTGCCCTCCCAGACTGTGTGGGCCAGTTGGAGAAGTCTCTGGTTTGTGTTCATCTCTCCCTCATTTCTGGGAGCAGGGCCTGAGGACCCTGCCACATCTCCTATGNTCTGCATCCACGTCTCTTTTNGGACANTTAAAGGTTGA,RNAInter
40,deoR,NCBI:945453,mRNA,deoR,AGTTTGAGATTAAACTCGGATATTCTCACTGCCATCATCATGCCGAAAATGAAATTCTATGGTGATCGACCGCAGTCATTTTCTATTGATGATTCGGGGGAGCGTTACTACATCGGTGATGANNTGGNACAGTACATGGGATATCACCGNGGTTCGTTATACAAAAGGTTTCCACAATTATGGAAACGTATGGCAACTTGGGAAGAGAAACGGAAGATGCAAGAAATGGCTTGTCCATCATCTTTCTTAAATACTAATATTATGCTGGGGAAGGGTTG,RNAInter
42,dksA,NCBI:944850,mRNA,dksA,TTATCAACAATGCGCTTATCGACCTCCCCGCCCCATCAAACATCTCCTCATGGTGAAACTTTGGTTCCTTACTGGGCCTCTGTCTAATCACACAAATCCTAACAGGCCTATTTCTAGCAATACACTACACGCCAGACACCTCGACCGCTTTTTCATCAGTCGCACATATCTGTCGAGACGTTAACTACGGCTGAATTATTCGTTACCTACACGCAAACGGAGCTTCCATATTCTTCATCTGCCTTTATATCCACATCGGACGTGGCCTATATTACGGCTCCTATATATTCCAAGAAACATGAAATATCGGTGTACTTCTTCTACTAATAGTCATAGCCACCGCATTTGTAGGCTATGTCTTACCCTGGGGACAAATATCATTTTGAGGTGCTACCGTCATTACAAACCTCCTATCAGCAATCCCTTACATTGGCAATACACTAGTAGAGTGAATCTGAGGTGGGTTCTCCGTAGACAAAGCAACACTAACACGCTTCTTCGCCTTCCATTTTATCCTTCCATTTATTATCACAGCACTAATAATTGTCCACCTACTATTCCTCCATGAAACAGGCTCC,RNAInter
48,dppD,NCBI:948065,mRNA,dppD,ATAAAGTCCACAACTCTCTCCTTGTAGAGAGAGAGATTTTATGGCGGTGGAGCTCATGACTCGGAATTACATCTCCGGCGTCGGAGCTGATAGCTTCGCCGTTCAAGAAGCAGCTGCTTCAGGACTCAAAAGTATCGAAAATTTCATCGGTTTAATGTCTCGTGATAGCTTTAACTCTGATCAGCCATCTTCTTCTTCCGCCTCCGNCTCCGTCTCCGNCTCCGGCTCCGNCTCCGNCGCCGCAGATCTTGAATCAGCTCGTAACACAACGGCGGACGCGGCTGTTTCAAAGTTTAAAAGAGTCATATCTCTCTTAGATCGAACTNGGACCGGACACGGCCGGTTTAGACGTGCTCCGGTTCATGTTAATTCTCCGGNTCTTTTACAAGNAGGNCCAAAACGNCGGCCGTTTCAGTNTCCTCTTCTCCTTCGCCGAAAATTNTCCNNAAAGGTTCGTTTTCTTAATCGGTGAAACGGTTGATTTTAANNTTTTCCCNTTNANANTTGG,RNAInter
63,ecnB,NCBI:2847737,mRNA,ecnB,CTTTTGCGCCTCGCTTCGACGTCCGCGAATCCAACGAGGCCTACCATCTTGACGGCGAACTCCCTGGTATTCCTCAGAGCAATATCGACATTGAGTTCACCGACCCACAGACCCTGGTGATCAAGGGCCGCTCCGAGCGCGAGTACCACTCCTCCAGCGACGACAACAAAAATGATTCAGGCCGATACAGAGAACCAGGCCCGGGGTGAAAGCAGCGAAGTTGCAAAGACCGGCGAGAAGCAGGTATCCACCAAGAA,RNAInter
66,fabB,NCBI:946799,mRNA,fabB,AAAAACTAGTAAATGGGTTTCCTCTGGTTGGTGGAAGCACGGTTGAGCAGGTGGAGGACAGGACCCAGCTGGCCCCAGGGCACNCNCAAGAATTGCATGGTCTGTGCCCAACAGGGTTGCATTCCTCTGCAGCCGCCGCCTCCTCATTTCCTCCCTGAGCTTGTTTGTCCAAGCCACCAAGCCATGTGGTCCCGCTGGCTTCATCCTCCTCTGGATTCCTGCCCCCCTCCCATGAAGGGAGGAAGAGGATTCAGGGTCAGCCTAGGGGACCCGGGCTCCCTCCGATAGGCAGGAAGGAGGAGGGATGCGGGAGGAGAGGCTGAGGCTTTCCACGGGCCTCCTNTTAGGGGGTTTTGGGTNGAAGGCCAGGGTTTGGGGANGGGAAGCCTAAAGGGA,RNAInter
67,fadL,NCBI:946820,mRNA,fadL,TAATCCAACAGTTATTTTATTAGGATGTCAGCCCTGGGTCCAGAGTGAGAGATAGGGACAGGGGACAGCCCAGCGAGGCTGNTTCGGGGGTCACCCAGGATGTTCCAACCACAGGGGCAGCATCTCCTCCACTCCACATGCTGGCCAAGGGACAGAGCTGCCGTATCGCCTGCCAAGGGGGTNGCTCAATGCTGCTGCCCTGG,RNAInter
69,fecA,NCBI:946427,mRNA,fecA,ATTCGGAACGNGGGGCCTTCAGTCCTGCCACAGGGTGGATGNGCACCCCCAGCATGTCTGGAGCCGGGGAGGCCCAGAACCAGCTCTGGACCTGCTCCCGGAACTGACCAACCCTGATGAGCTACTGTCCTACTTGGGCCCACCCGACCTCCCTACGAACAACAATGACGACCTGCTTTCTCTGTTTGAGAACAACTGATCCTGTGTTTACCCCAAGCCCGGCGGGACACGCTCACAGATGTCACCACAGCCCTGCCCTTCATGCCCAGCCCCATGGGACACCCGGTGGTCTTTCCCAAACCTCCCCCAAAACACACTGGGAGCCAGAGCCTTCTGCCGCCAGCNTTGCCCTTGAATTGGGAAGCAGCCTGTGGTTCGATGGGGAGGGGGTTCCAGGGCCGGCAGCCTTTGCCAACTNCTTTTGCCAAGCTTGTTGGTTGAAGAAGGNTTTTTGTNGAGGTTGCCCTTGGCCAGGCTTTTTCAG,RNAInter
71,fecD,NCBI:946816,mRNA,fecD,TCGGCACAGGGAAAAGAACACGAAGTCCGACCTGCTGCTGAAGGAGCTGTACGTGGAGAACGCCCACCTGGTGAGAGCACTTCAGGCCACCGAGGAGAAGCAGCGAGGCGCCGAGAAACAAAGCCGCCTCTTGGAAGAAAAAGTTCGCGCTCTCAACAAACTCGTCAGTAGGATTGCCCCCGCAGCCCTCTCTGTGTAAAGACAGATTATTTTCTAGGATTCATTCGAAAGCACATCTTTTAAATTAAGCCACTGTGCTGCCTTAGATTCCGTGGGTCATGAGCCATGAGTCCTGGGACATCTGAGGATTGGGATTCTTTGTTCACCCCGCAGATAGTTAATGAATGGTCTGCCCTGGGCAAGATGGAGGTGGGGGCTGGGGGAATATGCATGTTTGCAGAAGCCGGCCTTTTTTATTTAGCNGTTCCTGAGTAATTTNCCCTTNGGCAAAATTTCCCAGTTTTTGCCACTCTCT,RNAInter
74,fhlA,NCBI:947181,mRNA,fhlA,CACCAGATTGCCAAGCTGATGGTCGAGCTGTCCAAATCCCAGGATGACGAAATCGGGGATGGCACCACAGGAGTGGTTGTGCTGGCTGGTGCCTTGCTGGAGGAGGCTGAGCAGCTGCTGGACCGGGGCATCCACCCGATCAGAATAGCCGATGCTACGAACAGGCTGCCCGCATTGCCATTGAGCACCTGGACAAGATCAGCGACAGTCCTTTTGGACATGAAGGACACCGAGCCCCTTCATCCAGA,RNAInter
79,fiu,NCBI:946246,mRNA,fiu,CAGAAAAATAAGAATCTGGAAGCAATAGTGACCTCATAGAGTGCTTGTGAATATCAGCAATAATGTAAGAAAGACACCTAGCACAATGTCTGGCACATAGTAGGTGCTCAATGCTAATAATAATTAGATTCTGCAGATTGTGTCTTCTGGCCAGAATAATTTGAATTAAGGGGGTTTGTGCAATTGAGTTTCCAGCATCCTCCCTTTTTTCCTAGANAAAGCTNGCTCCTTGGGGCATTTTCTCCCCCTCTATGAGGCGAAACCAGNTCTNGGATCGTGGTCCTCTCTATGGCAGCCCAAACATGCTTTTCCACAGCCATGACCCTGGCATTGCACACCACATGGGAACCAGTCCTGGNCTGAGACCGCAGTTG,RNAInter
80,fldA,NCBI:945293,mRNA,fldA,ACTTACTACTGTGCCTTCCAAGCCCCCGGGGTCGCAATGACAGCACAACT,RNAInter
81,flhD,NCBI:945442,mRNA,flhD,CTCGTGCCGAATTCGGCACGAGCGATATTTCATCAGTTATCGGTAAGGCGAGCAATGGAATGCTATTTATATGGTAAATTAACGGTATAAAAGTTGCAAAATTTCCTCTTTTATAACTTCCTATCTTTTTATTTTATTTTACTTTGTTGTGTTGTGTTGTGTTGTTTCGTTTTATTTNCAGATTTTATAATATTTCCGTAGATAAAAATGCATTATTGGTTTAAATAAAATTAGATATT,RNAInter
99,folA,NCBI:944790,mRNA,folA,CCAATTTCTTCTCTATATTGATAACTTGTTGGCTAATTGTTTGATAATTTTATTTGGGCTTCAAGCTGTCTTAGCAATTGAGAAGCCTAGTCTTCTTGTTAGCAAACATGAGAAATTGTTGTCATCAGCAATGGCAGAGTATAACAGTATATCAAATGATAAGAATCTATGGATTCCGGTAAAAATTTTGGGATATGAATACGATTCCAAGAAACGGAAAGCATTTCTCGATCAAAATTGCAATTGCTCTTTCGGAATTGCACAAAAAACTGCTGATAACAATTTGGGAAAGTAACTATTGTAAAGCAA,RNAInter
102,fryA,NCBI:946852,mRNA,fryA,GCAATGCGCACTCAGGCACCAGAGGGCAGAGGGGCTCAAGTTCCAGGGTTTTAAGGTGCTTGGAACTCCCAGGAGCCTGGCAAACCTTCATCCAGAACCTCTTCCTCAAGCAAGACAAAAAGCTGCTAAGCACTGCTCCCTCCNTCTCTGTGAAGAGACCAGCTTCTAACAGACGGTGCCGGGCTGACCCCCCATCATGCCAGGCTGGCTCACCCTCCCCACACTCTNCCGCTTCCTTCTTTNGGCCTTCACCATCTTCCACANAGCCCAAGGAGACCCAGTCATNCCACCCGGGCCCCCACTG,RNAInter
103,ftnA,NCBI:946410,mRNA,ftnA,TCCTGCTCTATCGTGATGCTAACAGAACTGGAGGAGAGAGGCCAGGAGAAGTGTGCCCAGTACTGGCCATCTGATGGACTGGTGTCCTATGGAGATATTACAGTGGAACTGAAGAAGGAGGAGGAATGTGAGAGCTACANCGTCCGAGACCTNCTGGTNANCAGNACCAGGGAGATTAGGAGCCGGCAGATNCCGCAGTT,RNAInter
104,fumA,NCBI:946826,mRNA,fumA,TCGGCACAGGGGGGGATCTCCCTAAGCTCTGGCCACAGCAAAGCAAGGAGGTGTGTGCAAGAGGAGGCTTCCGGACTGGGCATTCCCCTGTCGCCCTTCCTGCCCTGGGGTGGCCATAGCTGGTGACTCTTCCTACCTTGCTGGTCCCACCTCACCTGCATTGAGGGGACGGGGAGGGAGGGATCTGAGGGATGAAGGTAGATTTCTGAGACTCTCTCCTAAGCCAGAAAGACGTTCTTAACACCCCTGCAGTGTGAAAGCTGGTCCAGCTCTACAACTGTTGGTACCAATGTNGCAAACACACCAGCCCTGCCATCTGGGACCCAGCACTCAGAAACACCATAACACCCCTGGGCCGACGCCATTCATGGCCCCTGGGATCTTGCTATTAGGGCCACAATTGAACCACATGGTTCCTGGGNTTTCGGTTAATTTCAATTCAACACACCCATTTGCATTCANCAGTTGCGGTTCAAATNGGGTTTGAAAAGATTTTATT,RNAInter
105,fumC,NCBI:946147,mRNA,fumC,ACTGGACGAAGCACACGTGTACAAAATGAAGCTCACACTATCCCAAAGCAGAGTAGGGACTGAGGCCGGGGNTCCNTTACTGGCCTTTGGGGGAGCTCTGAGGTGAGGGGCAACCAACCCTCCCACTCCAGAGCTGTGGCCACAGGGGTGGGAAGGAAAGGGAACCCACCTGGCTTTGGTCACAGAACTCAGAGCCTGGCATTAGGCCAGTACAGACAGGTGGNTGGGAGAGCAGGAGCCTCAGAACTCCCCTGCCCAGGGAGCCCAGGGGCTGCTCCACCGGTCCCACTTGTAATGTGCTTGGCCCNGACCTAGACTCGGGCTTGGTNCAAAGGGNAGGGCAGCAAAGCAGGAGGGAGGGGACACTTNTTTTTTGGGT,RNAInter
106,fur,NCBI:945295,mRNA,fur,GCCTGTGACACCGTAACTGGGGGACCTGAGGCTTACACCGATAAACTCAT,RNAInter
107,gadB,NCBI:946058,mRNA,gadB,ATACCTCCTTGCTTTAATCTAGGGGTAGTTGTGACGATCATGTGGAATTATTTTACAAATTATAAAGTTCTATACAAAAGCTAAGAATTACTTTTTAGGTGAAGAGAAACAAACTGTTGGGTTAGAATATACTGTGGGTCATATTTGAAATTAGGTCATTAACACGGGGCTGTCATGAAAATATCCAAGCATGGGTACTAACATATATATGTAATTAGAAAAATAAATGANCATTAACTCATTTTCTCTTTTATTTAGCNTTTNTTGTGTGTTTGTGTGGGGNTTTGTTGAACNATTTTAACNTCTGCAACTATAGGGGGNGATACNGGGGGACNTGAAAGGTGNTTAAAAATAAGG,RNAInter
110,galK,NCBI:945358,mRNA,galK,ACTTACTACTGTGCCTTTCCTAGGCCTTACTGGGGGATCACCACCTGGGGGACTCAT,RNAInter
131,gloA,NCBI:946161,mRNA,gloA,AAAAGAATTAGATGCATCAGAATACCAGCTATAAGCCAACACTGTTTCCAGAAACTCAAGAAAAAGCTCAAACAGAAGACAGTTCCCCTGAGAGGCTGGAGGCGTTGGTGCTGAAGGCAATTTTCCTAGCTAAGGGGCACTGGGCCTTGCTGCACCTTGGGGCTGACCTTTTTTGCAAAACACCCACCCCTGCCCTCCTGGCATACTCAACAGCAACGCCAGCTTTCTGGACCCTTGGAAAGATGTTAGCTCAAACACCCACTTTTTCCAGATCTTCCTCTTGCTCTTCACTGAGGAATTTGTAATTCTGAGGCTAGCGATGCCCACTCGGATATTCCGCAGGCCCAGGGTGTTTAGGATTAGGATTTTGTCCAGCGGTAAATCCTGATGCTGGGAAACCAACAAACATTTGGGCCTNATATTTCACCCTTTTAAAAATTAGGAGGCCCTT,RNAInter
132,gltA,NCBI:945323,mRNA,gltA,GCCTGTGACACCGTGGGGGATTCCGATAAACTCAT,RNAInter
133,gmhB,NCBI:944879,mRNA,gmhB,AGTCTTGTAAACCGAAAAAGGAGAACCTCACCCCTCCCTAAGACTCAAGGAGGAGACATTCAAACCTCACCACCAACACCCAAAGCTGGAATTCTTTATAAACTACTCCTTGAAAAGCCTATTGTATAATTATTAAAACACTACCGTACCATGTCAGTATTAAAAACACCCTGCTGCAATTACTATGTATATATCCATATACTACTATCTTAGTCCCTCCTTATAAATATTTATGCATACATGCTATGTATTATTGTGCATTCATTTATTTTCCATACGACTATGTTAAAGTCCGTATTAAATCTTATTAATTTTACATAGTACATAATTTGCATGCTCTTACATATTATATGTCCACTAGTATTTTATTTCCATTATATCCTATGGTCGCTCCATTAGATCACGAGCTTAATCACCATGCCGCGTGAAACCAGCAACCCGCTTGGCAGGGATCCCTCTTCTCGCACCGGGCCCATAACTCGTGGGGG,RNAInter
136,gspD,NCBI:947822,mRNA,gspD,CTCTCCAGACGAAAAATGGGTGCTTTCAGGTTTCACCAGTACCAGGTTGTGGGAAGAGCTCTCCCGACAGAGAAGGATGTGCAGCCTAAGATTTACAGGATGAAGCTCTGGGCTACGAACGAGGTTCGTGCCAAGTCCAAGTTCTGGTATTTNTTGAGGAAGCTCAAGAAGGTGAAGAAGAGTAATGGACAGATGCTCGCCATCAACGAGATCTATGAGAAGAACCCAACAACGATCAAGAACTTCGGTATTTGGTTGAGGTACCAGAGTAGAACTGGGTACCACAACATGTACAAGGAGTACCGTGACACCACTCTTAACGGAGCTGTTGAGCAGATGTACACTGAGATGGNATCCCGTNACCGTGTCAGATTTCCCTTTGCATTTCAGATCATCAAGNCAGCCANTTTCCCAGCCAAGCTTTTNAAAGANNGNGNGCNNTC,RNAInter
141,hisM,NCBI:946790,mRNA,hisM,CAATGGAACANCCCCGCTTTAGNCAGTGTTGAATCTAACACCGAAAAAAGCCCAGAGAAATTTCTGCAGATAAACCAGTGAAGAGAACGCGCAGTATACATTATTGTCAACAGANTCACTTCATGGNGAGGGAAGCGGGAGGAAAAAGGAAGGAGANTGAACAAGGGGCTCAAACCCCTACACACTGCAAAACATTCAGACATTTGGGGNTTAAAACAAAACATAAAAGGGAAGCCTTCC,RNAInter
149,hokB,NCBI:2847727,mRNA,hokB,TAATACTCCTTGACCATTTTTGAATCACTCATCGCACAATGTCCTTTACACGCACCCCCCTCCGCCTCTCGCGGGCTATCAAGACCACACGCCCCCAAGTCACCCGCCGTACATACGCCTCAGAGCCTGCGCCGCAACAGGGCGGCAACAACTCGACATGGATGATCATTACCGCCGCCCTCGGCATCCCTGCCGCGTATTATCTCTTCGCGGGTCGCGGAGATACCCACCCAACCCCCTCTGAGAAGGACCAGCCAGCGAGCCGAAAGGCTCCTGCTGGAGGGAACAGCATGTCGTCGAAGCAGGAAGGTCTGAGCAACAAGGATACGAGCAACCCATATATCAACGAGCCCGGCAAGAGTATAACGGGCGAAGGCGAGACAGAGTCGGCCAAATTCAAGGGGACGGTTTCGCCGCAGAGGCCGCAAAACTGAGCACGTGCTCTTTGTATGATACGAAACTATTGAGGGTCCA,RNAInter
151,hokC,NCBI:2847744,mRNA,hokC,CACTACTGGTACGGGTGCCGCTCCAACGAGCGTGAGTAAGGATGAGCGCAAGGAACCTTCTAATGCCGGCACCGGCGCAGGAGCTGATGCTGAGACCACTGATTCCGGCTCCGCCGAGAAGCTTGTTCCATCTACCGAGGAGGTTGCTGAGAAGCACGGTGTCAGTAAGGAGGCTCTCCGCGGTCCCAGTGTCCCACCTCCTCGCAAGTCCTACGAAAGGCAGATGCAAGGTGCCGAATCCCAGAAGAAAAAGGACGATCTGCCTAAGACAACCAAAAATGATGACAAGAAAGAGAAACACCATTCGAGTATGAAGGAGAAATTGAACAAGGTTCTCCACCATCACTAAACAAAATCTCTTTTCGAAACGTTCTTAGTTTTTGCTTTGGTAATACTGGAAACATAAGCCGGTTCAAATGGACAGTGAATATAATGCTTTTTGGTACGCAGCGGGGGTCTTTTTTCATCGAACATGTATTACTATAATTATTGCCATTGAATGAGATATCTCTCAAAA,RNAInter
154,ibsA,NCBI:7751625,mRNA,ibsA,GGTTTTGGTTCTCTGGAGTCTAACTTCTTGAGTTCTTTGTATTTATTGGATATTAGCCCTCTATTGGATGCAGGTTTGGTAATATTCTTCTCCTATTCTTTTGGTTGCTGTTTTGTCCTATTGACAGTGGCCTTTGCCTTACAGAAGCTTTGCAATTTTTGAGTACCCATTTGTCAATTCTTGATCTTAGAGCTTATGCTATTGGTGTTCTGTTCAGGAAAGTTTCCCCTGTATCCATGTGTTCGAGGCTCTTTCCCACATTCTCTTCTACTAGATTCAGTTTATCTTGCTTTATGTGGAGGTCCTTAATTTACTTGGACTTGAACATTGTACAAGGAGATAAGAATGTGTCAATTTGCATTCTGCTACATGCTGACCTCCCACTTGAGCCAGCACCGTTTGTTGAAAATGCTGTATTTTTTCCACTGGATGGTTTTAGCGCCTTTGTCAAAGATCAAGTGACCAGAGGTGTGTGGGTTCATTTCTGGGTCTTCAATTCTATTCCATTGATCTACCTGCCTGTCTTTGTACCAATACCATGCAGTTTTTATCACTACTGCTCTGTAATACAACTTGAGGTCAGGGATAATGATGCCATCAGTTCTTTTATT,RNAInter
155,ibsB,NCBI:7751626,mRNA,ibsB,TCAACGCCATTTTTTGGAGAACACTGAAGCAAGAAGTTGTCTGCTTCAATGGTGTGTGAGATTTAAGTAGAAATCCAAAGAGAATTAGAAGAACATTCGACTGTCCAATTCCCCTGTGACAAGCCTAGCCTGTGCAGTGGCTCCGTTACTCCCTCCCCCCTTCCCCACTTTTCTCTTTCCTTTCCTGTTCTTTTCTTGAATCCCACCATCCCTTTGCTTCCTCCTTCCCTTTCCCCCATCCATTTAATTTTCTTCTCTTTTGTCTCCCCCTATGCAGGA,RNAInter
156,ibsC,NCBI:7751627,mRNA,ibsC,TGGTTCTGTTTAAAACAAAACAAAACAAAACAAAACAAAACAAAACAAAACAAAACCCAGAACAAAACAAAACTAACAAGAGTCCATGTTAGCTAATGTTGATCAACATGATGGTACTTTCTCAGAAAATTCCAGAGATACTTTGGTGATTAGTCACTGCCATTTAGCTCCTTCCATAAATGGCCTTAACCTAGGCAGGCCTCTTAAAACAACTGTGGGGTAGTCCCTAAACAGGCACCCACATCTAACAATTAAGACATTATTTGCAAGTTCCCACTGGCAATTCTTTTAGCTACAGTAGGAAAGCTGGAGTCTGAGGAGGTGAAGCTCAGCTGCCAGCCCACAGCTCAGCAGCTGGAGACTGCCCATGGTCAGCCTCTCTTCTTACATTATTACTGACAACCCGAGGGAATGTGAGCTGGAAATGCAGCCCACCTCTGTCTAGTGGCTGCAGTAAGCCAGGGAAGCAAGGGCTGGGGAGGGGGCTCAGTAGTTAAAGCTTTTGACGCATGAATGCAAGGACAGGAACTTCTCACTCTATACATGTCAGGTGAGTGTGACATCCCTCACTGTACTTCTAGTCTTAGAAGGTAGAGAGAAAGCTGGCCTGGGAGACCA,RNAInter
157,ibsD,NCBI:7751628,mRNA,ibsD,TATGTGTCCACTATGCTCTGGTCTAACTCACTTATGTCACCACCAAGTTGGAACCATCCTTTGGGAACTTGGTGGAGGACTGCAGCAGCATAGTTGAGTCTAGTCAAGGCCTAGAAGCACACCCACTGTAGTCCCTTGCTGGGTGCTCTATCTCTAGGGTTCTACAGGCCTTATTGTGTAGTTCTCCACCTTCCTCTCTTCTAGGGCTTGGGCCCCAGGCAGGACCTTCCTCTGACAGACACACCTCAACCCTCAGGCTAAGAGTAGATGTGCAAGGCAGAGTTCCTTTGTGTACATTTAATTTTGCAAAATGTAGAGGTGTGTGGCTGCATCCAGTGGTCTCAATCCTGGCTCTGTGCTGGCTGGTTC,RNAInter
158,ibsE,NCBI:7751629,mRNA,ibsE,TTGTCCTTTCTAGTTCTCTGGCTCCAGTCTCCTAAGCAGCTGGTCTTGCAAGCTTGTACTGGCAGGACCAGTTTATTTTCTATTCTAGAAAAACAGCTGAGGGCGAACATGCAGTCCAGTGGAAGAAGAGAAAACCTGGGACGTTATTATGGTAGAATGTCTTTCACCTTTGGGACCAAGTGAGTCTGAGTGGCACCGTGAGAGAGGTGACAGCCAACACAGCCAAAGCCAGGGACTTTTACAGCCACAGATGTCTCAGTGTGCTTTCATTCTGCAGTTTGGTAACCTGTCCCTATATCACAGCTAGAGTCCCATCTTACTGCTTAAAACAACCAGTAGAGGTTAGCTGCTACCACAGGATCTGGCTTGCAACAAACATCTGCTACTCAGAACTTCCATGTTTCGTGCCTTCACACACAGAAGGTGGTTGGGAGGGACCTGT,RNAInter
159,icd,NCBI:945702,mRNA,icd,TAAGTACAAATGCTTTTATATTCAGCCCCTGTAAAGCCATCAGATGTTTGAAAGTTTTTAAACACGAACCAAAGGGTTTAATTTTAAGAACTTAGCTAGGAATGGGTGAAATCCTACCCAATTAATAGAGTTCTGCAAATTAGTAACAAAGTGTAAAATGAAAGGAAGGGNCCCTTGGGAGATGTGAAATTCTTCTATTGAGAGTCCTGTCTTCTTTATTCAAGAAGTTTGTAGGCCATTTTCAGGAATTCACTCAAGGAACCAACTTCTTAATTTAGGATATCAGGCGGAACAAGGTCATGGGGCCAAAAATACACAAAGGGGGGAACACCNCCACATCGNAAAGGGGTGGAAAAGCCNGGGGGGNCAACCNGTAGGGGGGTTTTTTGGGGGGANGCCCCTTTTGCCCCCAGACTGAGGGGCNCCACAACGAGGTT,RNAInter
160,iscS,NCBI:947004,mRNA,iscS,CCTCCTCTCTGCCCCGGAAGCTGCTGCCCTGGGAGGAGGGCCCGGGCCANCCGCCACCACCTCTGCCCGGGCCCTTGGCAGNCCTCAGGCCTCAGNCTTNNNCACNAGNAAAAGCCAGCATCATCAGTGAACTCAGCTCCAAGCTTCAGCAGTTTGGGGGTTCCTCGGCAGCTGGCGGCGCTCTGCCCTGGGCCCGAGGAGGCAGTGGGGGAGGCGGAGACAGCCACCACGGGGGAGCCAGCTATGTCCCCGAGAGGACCTCCTCCCTGCAGCGGCAGAGACTCTNCGACGACTCCCAGTCCTTCAC,RNAInter
162,kdpA,NCBI:946045,mRNA,kdpA,GGGGCTGTGCTGGATGCCCTGCTGGAGGNAAGGCAGCTGGGGGGAGAATCTTCAGGTGACTCTGATCCCTACTCATGACACGGAGGTGACTCGTGAGTNGTACCAACAAACTCATGAGCAGCAGCAACAACTGAATGTCCTGGTCCTGGCTAGCAGCAGCACCGTGGTGATGCAGGGATGAGTCCTTCCCTGCCTGCAAGATTGAGTTCTGAAAGAGCCGCCCTCCCTTCCCCAAGGATC,RNAInter
165,ldrA,NCBI:2847733,mRNA,ldrA,CTGGTTTGTTGTCTCCAGGGTTTGGACCTTCCTCAGGGTCTTGACCAGTCTGTTCGTTCTTCCCGCGAAAATCGCTCCGCTCATTTGGCCCTAAGGGTAGCTGGGCAATTGTTACAGGTGCCTCGGATGGTTTGGGCAAAGAATTCGCCCTCCAGATCGCTCGCGCTGGCTACAACATCGTCCTCGTTTCACGAACTGCTTCCAAGCTAACCGCCTTGACCGATGAGATTACGTCTAAATACCCCTCGGTCCAGACCAAGATGCTGGCGATGGATTTTGCTCGCAACTTGGACGAGGACTACGAAAAGCTAAAGGCCCTCATTCAAGACCTAGACGTAGCTATCTTGATCAACAATGTTGGAAAGAGTCACAGCATCC,RNAInter
166,ldrB,NCBI:2847735,mRNA,ldrB,GAAGATAGTCGTCGAGCAATGTGATCTTGCTGATGACGACGTCAACATGGAGGACTCCAAACAAGATGCGGTTTCTGAAGATGAGAGCGAAGTGGACTCCGAAAACGATGACGGATTCAAGCAACAGAGGGAACCAGCTGCGCAGGACGAGGAAAAGGCCGGGAGCGACGTGGAAATGCAGAACGCTGCAGAATCAGGTGCGGAAAATGAGGACGAAGATGACGAAGAAGAGACGGGTGCTGAGCCATCTTTCGGAGAACTCATGAGAGCACACGCTGCCGAAGAAATCGACGTCGAAGCCGAACTA,RNAInter
167,ldrC,NCBI:2847775,mRNA,ldrC,CGGAGCATGTCCTGATCATCACCGGCACCGCATCGGGCATAGGCCTGGCTGCGGCGACGATGGCCCTCGAGGAAGGAGCCAAAGTCCTAGGCGTTGACATCTCAAAGCCGCCTGATTCCCTAGCGCGGCACGCTAATTACCAGTTCTTTCAAGCTGATTTGTCCCATCCAGAGGCTCCGGCGAGAGTTGTGGAGGCGTGCAGCCGAACCTACGGCGATAGGATCGACGGGCTGTTGAGTATCGCGGGAGTGATGGATCTGAATCAAAGCGCCGACAGCTTGTCAGATAATGTGTGGGAGCGCTGTATCTCTATTAATCTGACAGCACCAGT,RNAInter
168,ldrD,NCBI:2847730,mRNA,ldrD,GCTTCAATCCGTTACTACTGGTTCATACCATCAACTAGCTCAAAATGCCTTTCACTGTCCTCTGTATATTTGCAAACTCATCTTCGCCTTCATTCTTCCCCCTCTTGGAGTCTTCCTTGAGCGAGGATGCGGTGCTGATTTCCTCATCAACATCTGTTTGACGATCTTGGGTTGGATCCCTGGTATCATCCACGCCATCTACATTATATTCAAACATTAGAGCGCCTTGTGTTGACCTTTGCACATGCGACGTCAATCCATCGCTTATTAACACCGTTTCGCGAAAGAC,RNAInter
169,ldtC,NCBI:945666,mRNA,ldtC,CAATANTTGAGGAATGTTACTGTCTACTCTACTCTTGAAGAATGGAACACTTATTTACTAAGTCATACCTGTCTTTCTGTCTAATCTGCATATGCCAAAAAAATCATTTACCAGGCTCCTCCCACTACAGAAATGCAATCATTCCTACATGCCAACAGAAAGATGCGTAAATATGTGGGTTAATGTTCAGCCAATAGACCACATAACAAAGGTAAAACAGGGCCACCTTTACCTTTATAAGGGTGCCAAGGTCATAAATGATAGGCCATCTCATGGGCTGGTATTGCTTCCTTTAAAAAAAAAAAAATAGTGGGCCGGGTGTGGGTGGGCTCACGGGCCNAAATTNTT,RNAInter
171,lpp,NCBI:946175,mRNA,lpp,CAGACAGTATTTATTTTTTTAAAATAATTTAAGACAGCATAAGCTTGTACCAAGCATAAGCATTGTAACAAAAGTGCAACTTTTCAGCAAATCCTCCCCAAAAGATATTTTAACTCAAAATATCATTAGCACATATTTTCTCCCTACAAAAATAGCATGTCAGACATCATTAATTGGATGTATTAACAACTATGTACATAAGAGCCACCTTGTAGGCTAAGAGTTTAACGTTGTTTAAACACAGCGTTTGAGGCAAACAGTAGCAACAGCAGCAGCAATTGCACCAAACTGACGATAAGACCCAGATATTTTCCTCACTCATAGTCAGACTGTTGTGTCTCACCCCTTTA,RNAInter
172,lpxT,NCBI:946693,mRNA,lpxT,TGCTGCAGCGACCACAGACCTGGGCTNACTNCGTGACCTGGGCCTGCCANCACTNGCACANCCAGTACTCGAACAACATCCGGCAGCTNCTGCACAACTTCCCTCCTGACCAGCTCACAAGCTCAGGAGCGCCGTTCTNGTCTGGGCCCAAACGCTGTNCACACCCGCTCACCTTTGATGTCAACAATCCCCTGCATCT,RNAInter
174,luxS,NCBI:947168,mRNA,luxS,GGAAGATGGCGGCTGCCTGCACCCCTGGGTTGTCCGTTCCTTGCCAATGTCACGTTCTGCTGTGGCTGCAGTAGCCACTCCCTGAGTCATGGCCCACCCCATCGCCATCTTCACCATGCCGTTATACCTCATGGGAAAGGCGGGCGGTCCTCAGTCAGTGGGGTCGTGGCCACTGTGTTTGGAGCAACAGGATTCCTGGCCGATACGTTGTCAACCACCTTGGACGTAT,RNAInter
176,manX,NCBI:946334,mRNA,manX,GATGTGGCCAGTGGGGCAGCCAGAGAGGAGGGCTACTGCCAGGCTGCTGACGGAACCTCCTCCCTCCCCCCACCCCAGCCCAGAGGGGACAAACAGTAGGGCCCCAGCCTTCCTGGCTGGGANTCTTGGGAGCAGAGGGACTATTTGAAAACAGGCACTNTGACCCAGGCTGTCATCTCCCTCCCTTGCCCCCAGTAAAAATAGCCCATAATTCCAAGCCCTCCCCCCAACCCCTCATAGTTCTAGTTCAGCTCCTGTTCCACTTCCCTGGGGGCTCTGTCCCCAGTAGGGGCCCAGGGGCTTGGGCTTGGGTCTGGGGGCCTGGTNGGCTGGGAGGACTTCTGCCAACCCCAGGGACCAGATGCAGGGACAAGGNTGAGGGGA,RNAInter
177,manY,NCBI:946332,mRNA,manY,CCTCCTCAGTTGGCCGAGTCGTCCCGCGCGCACCGCCTCCGCGCGCCTATGAGAATGAGGTGGTAACGGGCCCCCGGATGACCACGCGTCACCACTGTGAGGCCTACAGCTCTGCCGGGGAGGAGGAGGAGGAGGAAGAGGAGGAGAAGGTAGCTACAGCAAGCTGGGTAGCAGGCAGATCCAAAGGATATCACGAAGTTTCCAGGGCCTTTGGAAAACCAGAGATTGTCTTTCCTGTTGGAAAAGGCAATCACTAGGGGAAGCACAGATGTGGGAAAGTGAATGTGCGGAAAATGCCTTCAAATCAGAATGTTTCTCCATCCCAGAGAGATGAAGTAATTCAATGGGCTGGGCAAACTCAAGTACCAATTCAACCTTTACCCAGAAACATTGGTC,RNAInter
178,manZ,NCBI:946342,mRNA,manZ,ACTGTATTTCCATGTCAGCTGGGGCTCTCAGCCGCCCAAGGGGAGGACAACAGAGGTCAGCTGCAGAGGAAGGCTGGCACCAGCCCCAATCCCAACCCCACCTCCAGGCCAATACATGCCCCTGGGACTGGCTCAGTCCCAGCACCACCCTGCAGGCTCCAACAAGGTGGGTTTTGTCCCCTCTCACTCCTTCCAGCTCATCCTCAGGCCTCTAGCGGCCTCATCCTCAACGGGCCCGGGACACTGAACAGGTAGGGTGGCAGAGCCAGCTGGGCCCAAGCTGGGCAGAGGGGCCCTCAGGCAGGGCAGGTTTCCAAGGGAGGGGCCCNGGAGGACGGCCTGG,RNAInter
183,metI,NCBI:944894,mRNA,metI,GCGTGGAATCAGTACCTAACGGAAGAACGACGGACTGATCTTTCGGCCAGGTCGGGTCTAAATGAATCTCAGATTAAA,RNAInter
214,mipA,NCBI:946301,mRNA,mipA,TCACAGTTCTGGAGGCTGGGAGGTCCAAGATCAAGGTGCCAGCAGACATGGTGTCTGGTGAGGGCCGTCTTCCTGGCTTGCAGGTGGCCATCTTCTCATCGTATCCCCAGGTGGTGGAGAGGAAAAACACCATCTCTCCCATGTCTTTTTTTTGTTTTGTTTTGTTTTTTTTTTGACGGAGTTTGGCTCTGTCACTCCAGCTGGAGTGCAGTGTCGAGACTTACACCTGGGGACAACAGATCACTGCTCCAAGTGCTCCACAGGGGGACAGGGCCACCTGGGNTCCAGGGGCTGTCTGTCCAGCTGGGGATTTACATAATAGGGGAGGGCCCCGGGGAGCCTGGGCCAGCTTCCTGGGGTAACCTNTAGCTTNCCGTTCCCTTTTTTTTGAGGTTTTAAANTTTTGAAAGCNTTTTTCAGCAGCATTGGTTGGGAAGCTTTTTGNACTTTTGGGANTGAATAAAAGGCAGTTNAGGTTTGGGAAGACGGAGGGGAAATAAATAGGACAGNAGACAGGNTCGGGGTTTGGTNGGGTTTANGAAAAA,RNAInter
215,mnmH,NCBI:947063,mRNA,mnmH,GGCTGCAGTGGCTGGCCTGGGGAGCCAGGTGAGAGTCTTCACGTCCCAGCAGTTCTGGTGCAGAGGCAGCTCAGTTGGATTATTCGTCCCGGTTCCTAATGAAAGTGAAAGCTGCTGGTACCTGCCAGCCCTCTCTTGGCACACAGCGAGCTGAAAATGCAGAGACTGGAGAACGTTGCCACCAGAGTCAGCTTGTCCTGGTGCAGCTCAGATTTGGAGCTGAGGGTTATCGATGCATTGGTCTATCTTATTCCAGGATTTCCTAGGCTTCAGTTATCTCCCAACTAGGAACCACAGCTGCTCCTTCCTAACCTGGTCCCTCCTTGCCAATCTGTGGCCTGTGCTATCAGCAGAACCCTTGTGGCCGGACATAGAGCTGCCCAGGTCAGAAACCCAAACCTTTCCACAGGGACACAGTCAGATTTGAGTTATGGGAGATCCCACAGCCAGGGGGTCAGGGCGGATGCAGGAAACCAGGNCAGGAAGTTGTGGGTGTTCATTTAAGCAAGAGACAGACATTGGTGAACACAGGGAG,RNAInter
218,mokC,NCBI:944756,mRNA,mokC,AAAAACATTCTAGTTAAGACGAGATAATTCAATGTTCAAGCTAATAATTCTATACCATTTTAAGAGTCTGAATTTACTTTTAAGTAAAAAAAGGCAGAGAAAAAGAGTGANGGATACAGGAATTATCTTGGATTATGGCACTGCTGGTTACTATTCCCATGGCTAAAGACCCCTTTNGTTTCAATAAAACTATCCAATATTTACTGAGGGATGACAGGCTCTNGAATCAAGGGCCAGGAGAA,RNAInter
223,msrB,NCBI:947188,mRNA,msrB,AGTTATAAAGGCACAAACTTGTTCCTTGTTGCTGTCCATGAGCTTGGCCATGCTTGGGACTTGATCATTCAAATGATCCAAAGGCCATAATGTTTCCCACCTATGGTTATATTGATCTCAACACATTTCACCTCTCTGCTGATGACATACGTGGCATTCAGTCCCTTTATGGAGGCCCAGAGCAGCATCAACCCATGCCAAAACCTGACAATCCGGAACCAACTGCCTTGTGACCACAATTTGAAATTTGATG,RNAInter
224,mutM,NCBI:946765,mRNA,mutM,CCCAGCTGTGTCTCCTCCAGGGCCCCAGCATGTGTTCGTCGCCCCGTGTGCCCCGTCCTCGATTGAGGTCTGAGCCGACGCCCTTGCCCCTGNCCCTACCCCTGCCAGCGCCCACCCCCAGCCAGGGCCCCTCGCCTTCCTCCCCTGGACCTGGGGGGCCAGTCGGGGGTNGGGTGTTGGTGGCCAANAGCTGCTGCTGCCCACGCCCCTGCTGCGGGACCTGTACACCCTGAGTGGACTCTATCCCTCCCCCTTNCACCGGGACAACTTNAGCCCTTACCTGTTTGCCAGCCGTGACCACCTGCTGTGAGGCCCNACCACNCACCCAGAATCTGNCCCAG,RNAInter
225,nadA,NCBI:945351,mRNA,nadA,ACTTACTACTGTGCCTTTAGAAACCTACTGGGTGAATAAACTCAT,RNAInter
226,nagZ,NCBI:945671,mRNA,nagZ,TTTTCAGATTTTATTTTTAAAATATGTTATAGCTACANGTTTTACTATAGATTTNCCNTTAGNCACTCAATATACTGATTTATAAGNCTGTGACTAATTTTAAGGCCCNGAAATGAAAATGCNCCNNGGNATCCNTCCNCAANANGGGTATGNGNCACCNGAACCCCNGTNTTGCGAAGTCGGGGGANANACATGGGNCCNTCAACTNTTAAGNGNGCATNTTGACAGGGGAGGACATAGGNCAGGGGGAAGCCNCGTAATTTGTNGTCATCAGGCCACAAAGGGG,RNAInter
229,nmpC,NCBI:946786,pseudo,nmpC,ACAATTGCTTTTATTTTTATCTCCAGTCAGTCACAGACCCCAGGNAGGTGAGGTCAGGGAAGGGAACAGGTGCGGACACTGGGGAACTTGCAGGAGCTAAGGCCAGTGGACAGCAGGANTNTCGGGGGTNTGGCAGCCGGCCTGGGTCCCTGGAGCTNTNTCTGCCCTCAGGGACTCAGGAGAACGGCTCAGGGAGGGNTTGGGAGGGGGTACACTNTNTCCNAGAGATGCAACCATCNTTCGGCAAAAGAAAACAGCGGTGGCTGATGAGAAGACAGGTNTGGGGAG,RNAInter
232,ompA,NCBI:945571,mRNA,ompA,TCTGAGGTTATCAATAAGCTCCTAGTNCAGACGCCATGGGTCATTTCACAGAGGAGGACAAGGCTACTATCACAAGCCTGTGGGGCAAGGTGAATGTGGAAGATGCTGGAGGAGAAACCCTGGGAAGGCTCCTGGTTGTCTACCCATGGACCCAGAGGTTCTTTGACAGCTTTGGCAACCTGTCCTCTGCCTCTGCCATCATGGGCAACCCCAAAGTCAAGGCACATGGCAAGAAGGTGCTGACTTCCTTGGGAGATGCCATAAAGCACCTGGATGATCTCAAGGGCACCTTTGCCCAGCTGAGTGAACTGCACTGTGACAAGCTGCATGTGGATCCTGAGAACTTCAAGCTCCTGGGGAAATGTGCTGGTGACCTTTTTGGCAATCCATTTTCGGGCAAAGAATTTCACCCCTGAGGTGCAGGTTTNCTGGGCAGAAGATTGGTGATTGGAATTTG,RNAInter
239,ompC,NCBI:946716,mRNA,ompC,CTGAAGAGGAACCAGAGCGCANGNATAAGAAGGGCCCAGCCCGAAGATGCTGGGCACGAGCTTTGCCGTGTCTGTGGGGACAAGGCCTCCGCTTCCACTACAACGTGCTCAGCTGCGAAGGCTGCAAGGGCTTCTTCCGGCNCAGTGTGGTCCGTGGTGGGGCCAGGCGCTATGCCTGCCGGGGTGGCGGAACCTGNCAGATGGACGCTTTCATNCGGCGCAAGTGCCAGCAGTGCCGGCTTGCGCAAGTGCAAGGAGGCAGGGATGAGGGAGCAGTNCGTCCTTTCTGAAGAACAGATCCGGAAGAAGAAGATTTCGGAAACAACAGCAGCAGGNGTCACAGTCACAGTTCGCAGTTANCTTTTTGGGGCCCCAGGGNAAGCAAGCAAGTTTAGCCTTTTGGGGCTTNGGGGTTTTNCCTTGGNGGGAT,RNAInter
244,ompF,NCBI:945554,mRNA,ompF,TATTTCCCGAAGCCCAGGTTTATTCTAACGGAGTNCCGGGCTAAGGACCCAGCCAGCATGAGCTGTAGCGTAGACACAAATCCAGGGATCAGCTGTCCCAATCTCCCACATTCCTCTTTCACAATGCACTCAACAAACAGGTCACACATCCCCTAGGTCCACGAACTCATCTTCTCGTTTGGCCAAATCGTCTTCATCTCCCAAAGCTTTCCAGCCACTGGTNGGTAAGACGGGCTTAGAGGAATNTCGCTGGAGCAGAGCACAAGGAAACAANGACGAGAGGCGGGGCAGAGTTCCTCAGCAGGCAGGGGGCCTCAGCCTGGGGGGGCCTGCTGGCTGTGGTGTCTCTTCGTNGATCCTTTCT,RNAInter
248,ompN,NCBI:946313,mRNA,ompN,TTTTTAGTAGTTTTGACATGTTGGCCAGGCTGGTCTTGAACTCCCAGCCAATCTCAAAGTGCTGGGATTACAGCTGTGAGCACCAGCCCAACCTTACCTCTTTAAAAAGAAAAAACACAAGTCCACTCTGAAGTCAGCCTCTGTAACCTCCCCACAAGAAAACCGTTTTACATCAGTCACTAACCAAACAACCAACAGTGCTTCAACACAGAAAGTAAAGCATTATCCAGGGTTTGGGACTGTCTTTCAAGAANGCCCCAAATCCCCTGGGCAGGAGGANGTCACAGCAGTGAAGCCCCATCCCAGGCCCAGT,RNAInter
304,paoA,NCBI:945330,mRNA,paoA,GCCTGTGTGGGGGATAAAGACGCCCTAGCTTTGACAGCACAACT,RNAInter
305,pinH,NCBI:947250,pseudo,pinH,AATGGCTCCGGCATGTGCAAGGCCGCTTCGCGGCGGACGATGCCCCCCGCGCGTCTTCCCCTCCATCGTGGGGCGTCCGCGGCACCAGGGCGTGATGGTGGGCATGGGCAGAAGGACTCGTACGTGGGCGACGAGGCCCAGAGCAAGCGTGGCATCCTGACGCTCAAGTACCCGATCGAGCACGGCATCGTGACCAACTGGGACGACATGGAGAAGATCTGGCACCACACCTTCTACAACGAGCTGCGGTGGGCGAGGAGCACCCGGTGTGCTGACCGAGGCCCCCTGAACCCAAG,RNAInter
306,proA,NCBI:946680,mRNA,proA,GTGTCCCAGGGCTTCACTGAATTCACAATTGAGGATTTCCACAACACGTTCATGGACCTGATTGAGCAGGTGGAGAAGCAGACCTCTGTCGCCGACCTGCTGGCCTCCTTCAATGACCAGAGCACCTCCGACTACCTTGTGGTCTACCTGCGGCTGCTCACCTCGGGCTACCTGCAGCGCGAGAGCAAGTTCTTCGAGCACTTCATCGAGGGTGGACGGACTGTCAAGGAGTTCTGCCAGCAGGAGGTGGAGCCCATGTGCAAGGAGAGCGACCACATCCACATCATTGCGCTGGCCCAGGGCCTTCAGCGTGTCCATCCAGGGTGGGAGTACATGGGACCGCGGCGAGGGCGGCACCACCAATTNCGCACATCTTTCCCTGAGGGGTTCCGAGCCCAAGGTNTTACTTTTTTTTAACCGGCTTGGGGCAATTTAGGTATTNCTTTTTACAAATAGGGGTTTGGTT,RNAInter
307,ptsG,NCBI:945651,mRNA,ptsG,TATTTTAATACTGAGTAAATGTCCTCATTTACCCCCACCAATTTTGTAAAGCAGATATTAACCAAACTTCAATAGTTATAAGACAAAAATTTAATGAAAATTGGACAGTATGTATAATCCAGGGCTAAATAGTTACATTGGACTGGAGTAGAAATTTAAAATACAATAGATGCTGGAGTAAATGTTACATATTATCATCATCTGATTCATCTTCTTCCTTCAGAGATTCCTGTTAAGAGAATNCAGGTGTTTAAAATTGATTTTTAAAATTGTTATATCCCACACCTGTNGGGCAAGTTAAGCTACANCAACCTGGAATTTAAGTGGGTTAAATTCCCGCTACTNGTAACNGGAATGNACAGTTTCAGGNTAAGGTACC,RNAInter
311,rluD,NCBI:947087,mRNA,rluD,AAGTCTCGGACACTTAGACCCACTGANCCTGTNACTCTGCTTGTCTCTGGNGTGCAGGGAATCATTTTGCTGGATTAGAGGAAAGGTGCCGCCGTCTGTTTCCATGACTTCTTNAAAAACTGCCTTGAAATGAAATTAGTNCATCTGCTTGCTTCCGTGTGGCAGCCTCCNGGCCCGCAGCTGTGCCAGGNACCAGTCCTAAGAGGCATCTATAGACTAGNGCTTATGTGGGACCCCAAGCCTCGGCANAGCTCCATACCACCTATCCTGAGGCTGCCTCCNGGGGGGACCGTGCTCTNCAGNTTCTACCAGCAAGGAGGGGCAGATACGGG,RNAInter
312,rpoS,NCBI:947210,mRNA,rpoS,ATCCTCGGGTCTTGCAGGCCACACAGGACACCCTGAACCGTCATGGAGCAGGAGCTGGTGGCACCCGTAACATCTCAGGCACCAGTAAATTCCATGTGGAGCTTGAGCAGGAGCTGGCTGAGCTGCACCAGAAGGATTCAGCGCTGCTTTTCTCCTCCTGCTTTGTGGCCAATGATTCCACTCTTTTCACCTTGGCTAAGATCCTGCCAGGTTGCGAGATTTATTCAGATGCAGGCAACCATGCTTCCATGATCCAAGGTATTCCGCAACAGTTGGAGCAGCCAAGTTT,RNAInter
0,6S RNA,6S-RNA,sRNA,ssrS,ATTTCTCTGAGATGTTCGCAAGCGGGCCAGTCCCCTGAGCCGATATTTCATACCACAAGAATGTGGCGCTCCGCGGTTGGTGAGCATGCTCGGTCCGTCCGAGAAGCCTTAAAACTGCGACGACACATTCACCTTGAACCAAGGGTTCAAGGGTTACAGCCTGCGGCGGCATCTCGGAGATTC,EcoCyc
1,antisense regulatory RNA RdlD,RDLD-RNA,sRNA,rdlD,GTCTAGAGTCAAGATTAGCCCCCGTGGTGTTGTCAGGTGCATACCTGCAACGTGCGGGGGTTTT,EcoCyc
3,e14 prophage; small regulatory RNA C0293,RNA0-409,sRNA,C0293,TACTCACCCGGGACTCGCCAGGGGACAGCCAACAGGCATTGGGTGCAATCACCTTAGCGTTCAGGTACATGC,EcoCyc
4,putative antisense regulatory RNA RdlB,RNA0-162,sRNA,rdlB,GTCTGGTTTCAAGATTAGCCCCCGTTCTGTTGTCAGGTTTTACCTCTCAACGTGCGGGGGTTTTCT,EcoCyc
6,putative small regulatory RNA antitoxin SokB,RNA0-165,sRNA,sokB,GCTAGGTTCATTCGTTGGCCTCGGTTGATAGAAATATCGGTCGGGGCCTTCGTCTTT,EcoCyc
7,Qin prophage; small regulatory RNA DicF,DICF-RNA,sRNA,dicF,TTTCTGGTGACGTTTGGCGGTATCAGTTTTACTCCGTGACTGCTCTGCCGCCC,EcoCyc
8,Rac prophage; small regulatory RNA antitoxin RalA,RNA0-385,sRNA,ralA,GAGGACTGAAGTTTCTCGCAATTAAAATTTATCAGTTTTACTTTCTGCTCTCTGGAAACGCCTGCTTCTTTTTTACCTGAGAGCATTTTTTCGCATTCTGATTTCGTTAGTTTAGATTTTGAATATCTTGTCCAGTTAGTAGGAGTGCCACCTTCCTTTTCAATAGTGGCGGTAATTTT,EcoCyc
9,small antisense RNA aMEF,RNA0-440,sRNA,ameF,CAAATCAGATCGCCCATATCGGGTACGTATCGGCTTACCATTACCAGACTTCCTTATCTTTCGGCTCTCCCCAGTCGATATTCTCGTGGAGGTTTTCCGGCGTGATGTCGTTGACCAGTTCAGCAAGCGTAAATACGGGCTCTTTACGCACTGGCTCAATAATTAATTTGCCATCCACCAGGTCAATCTTCACTTCATCATCAATATTCAGATTGAGCGCCTGCATTAACGTAGCCGGGATCCGCACCGCCGGTGAATTTCCCCAACGCTTTACGCTACTGTGGATCATAACCCTTTCCTCAAACCGCTATCATATGTAGATACAGTATATATCAATCTACATTGTAGATACGAGCAAATTTCGGCCTAACTCCCGTGCAACCGACGCGCGTCGATAACA,EcoCyc
10,small antisense RNA AsCRP,RNA0-437,sRNA,ascrp,CCGCTTTTTCACCCTGGTGAATAAGCGTGCTCTTGGATGGGTACTTATGAATGTGGCAATGAGACAAGAACCATTCGAGAGTCGGGTCTGTTTGCGGTTTGCCAAGCACCATGCGCGGTTATCCTCTGTTATAAGCTTTCTCCAGAGCCAGATAACGCCGCTGTCTCTGGATTGCCGAAATATGCTTCCCGCTACCTGGGAAGGGGCTATCAACTGTACTGCACGGTAATGTGACGTCCTTTGCATACATGCAGTACATCAATGTATTACTGTAGCATC,EcoCyc
11,small antisense RNA AsflhD,RNA0-435,sRNA,asflhD,TCAGCAACTCGGAGGTATGCATTATTCCCACCCAGAATAACCAACTTTATTTTTATGCGGTTTCACCGCACCCCGTGATGTCGCCGGGAAGCCCCGGTAAAAAATAATTAGCATTAGAATAGTTGCGATAAGCTGCAATAAGCAGAACCACCTTTTTGGTTTAATATGTCCTTACAAATAGAAATGGGTCTTTACACTTATCTAAGATTTTTCCTAAATC,EcoCyc
13,small antisense RNA StfZ,RNA0-436,sRNA,stfZ,GGTGATACCGCTACCGATTTGAATCGTCTGTCCAACCGCTGTTTTACGCAGCGCTTGTGCATCGGTATTTACCGCGAAGAATTCAACACCTTCAATGCGCTCGCGCACCATGTGTTCAACAGCATTACCGCCGCCGCCGCCGACGCCGATGACTTTAATCACCGCGTCATTGGTAAGTTCCATTGGTTCAAACATAGTTTCTCTCCGATTTGTGCCTGTCGCCTGAGGCCGTAATCATCGTCGGCCTCATAAAAATTAAAACTCTTTTCGCAGCCAACTATTGAGTCGCTTGATCCACGAGCCAACTGATGCTGTAACACGTTTTTCTACTTCAGCTTCACCGTTAAGATGTGACTCTTTCCCATAGTGAAGCAATCCCACCGCCGTCGAATAATACGGCTCCTGAGCATAATCCGTTAAACCGGTAATGTTCAGCGGCGCGCCGATACGCACTTGCGTATGAAACACGCGCTGAGCACAGGCTGCAAGACCTTCGATCTGCGCTGCGCCACCGGTTAATACAATGCCTGCCGCCAGGTGATGTTTAACCCC,EcoCyc
14,small regulatory RNA 3'ETSleuZ,RNA0-388,sRNA,3'ETS-<i>leuZ</i>,TGGGAAAGATAAGAATAAAATCAAAGCAATAAGCAGTGTCGTGAAACCACCTTCGGGTGGTTTTTTT,EcoCyc
15,small regulatory RNA AgrB,RNA0-380,sRNA,agrB,TTAGATAAGAACTCTCTCACTCCAGCCAGAGCCACCAACTCAGGGCTGGAAAGTAAAAAACCGACGCAAAGTCGGTTTTTTT,EcoCyc
16,small regulatory RNA antitoxin SibC,RYGC-RNA,sRNA,sibC,AAGGGTAAGGGAGGATTGCTCCTCCCCTGAGACTGACTGTTAATAAGCGCTGAAACTTATGAGTAACAGTACAATCAGTATGATGACAAGTCGCATCATAACCCTTCTCCTTCAAGCCCTCGCTTCGGTGAGGGCTTTACC,EcoCyc
17,small regulatory RNA antitoxin SokC,RNA0-141,sRNA,sokC,GTTCAGCATATAGGAGGCCTCGGGTTGATGGTAAAATATCACTCGGGGCTTTTCTCTAT,EcoCyc
18,small regulatory RNA antitoxin SymR,RNA0-334,sRNA,symR,AGTCATAACTGCTATTCTCCAGGAATAGTGATTGTGATTAGCGATGCGGGTGTGTTGGCGCACATCCGCACCGCGCT,EcoCyc
19,small regulatory RNA ArcZ,SRAH-RNA,sRNA,arcZ,GTGCGGCCTGAAAAACAGTGCTGTGCCCTTGTAACTCATCATAATAATTTACGGCGCAGCCAAGATTTCCCTGGTGTTGGCGCAGTATTCGCGCACCCCGGTCTAGCCGGGGTCATTTTTT,EcoCyc
20,small regulatory RNA ArrS,RNA0-351,sRNA,arrS,GTAATCCGATTTAAATATCGAGTCTCCTTGTTTCGACTTAAGCTGGCAATTGGATTGCCAGCTTTCTTTT,EcoCyc
21,small regulatory RNA AspX,RNA0-418,sRNA,aspX,ACAGAATCTGATGCACCCGGCTTACAAAGCAAAACGCTATACTGATGAAAGCGAACAGTAATCGTACAGGGTAGTACAAATAAAAAAGGCACGTCAGATGACGTGCCTTTTTT,EcoCyc
22,small regulatory RNA AzuR,RNA0-430,sRNA,azuR,AAAGACAATAACACCTGTATAACAAATGGTCGGAGTGCCGCGATGAAACTGCGCAAAATCCTGAAAAGTATGTTCAATAACTATTGCAAGACGTTCAAAGACGTACCGCCAGGCAATATGTTCCGATAACAAAAAACCTGCTCCGGCAGGTTTTTTTGT,EcoCyc
23,small regulatory RNA ChiX,RNA0-123,sRNA,chiX,ACACCGTCGCTTAAAGTGACGGCATAATAATAAAAAAATGAAATTCCTCTTTGACGGGCCAATAGCGATATTGGCCATTTTTTT,EcoCyc
24,small regulatory RNA ChiZ,RNA0-411,sRNA,chiZ,GTAGTCAGCGAGACTTTTCTCAACGCTACTTTTTTAATTTTTATTTTTTCGCTGTTCACCTTTGGTGCAGCAATTTATACGTCAAAGAGGATTAACCC,EcoCyc
25,small regulatory RNA CpxQ,RNA0-389,sRNA,cpxQ,TTTTCCTTGCCATAGACACCATCCCTGTCTTCCCCCACATGCTGTGGGGGTTTTTTTT,EcoCyc
26,small regulatory RNA CsrB,CSRB-RNA,sRNA,csrB,GTCGACAGGGAGTCAGACAACGAAGTGAACATCAGGATGATGACACTTCTGCAGGACACACCAGGATGGTGTTTCAGGGAAAGGCTTCTGGATGAAGCGAAGAGGATGACGCAGGACGCGTTAAAGGACACCTCCAGGATGGAGAATGAGAACCGGTCAGGATGATTCGGTGGGTCAGGAAGGCCAGGGACACTTCAGGATGAAGTATCACATCGGGGTGGTGTGAGCAGGAAGCAATAGTTCAGGATGAACGATTGGCCGCAAGGCCAGAGGAAAAGTTGTCAAGGATGAGCAGGGAGCAACAAAAGTAGCTGGAATGCTGCGAAACGAACCGGGAGCGCTGTGAATACAGTGCTCCCTTTTTTTATT,EcoCyc
27,small regulatory RNA CsrC,CSRC-RNA,sRNA,csrC,ATAGAGCGAGGACGCTAACAGGAACAATGACTCAGGATGAGGGTCAGGAGCGCCAGGAGGCGAAGACAGAGGATTGTCAGGAAGACAAACGTCCGGAGACGTAATTAAACGGAAATGGAATCAACACGGATTGTTCCGGCTAAAGGAAAAACAGGGTGTGTTGGCGGCCTGCAAGGATTGTAAGACCCGTTAAGGGTTATGAGTCAGGAAAAAAGGCGACAGAGTAATCTGTCGCCTTTTTTCTTT,EcoCyc
29,small regulatory RNA DsrA,DSRA-RNA,sRNA,dsrA,AACACATCAGATTTCCTGGTGTAACGAATTTTTTAAGTGCTTCTTGCTTAAGCAAGTTTCATCCCGACCCCCTCAGGGTCGGGATTTTTTT,EcoCyc
30,small regulatory RNA FimR2,RNA0-432,sRNA,fimR2,TTCAGGGACGTCATTACGGGCAGGGATGCCCACCC,EcoCyc
31,small regulatory RNA FnrS,RNA0-349,sRNA,fnrS,GCAGGTGAATGCAACGTCAAGCGATGGGCGTTGCGCTCCATATTGTCTTACTTCCTTTTTTGAATTACTGCATAGCACAATTGATTCGTACGACGCCGACTTTGATGAGTCGGCTTTTTTTT,EcoCyc
32,small regulatory RNA FtsO,RNA0-413,sRNA,ftsO,AGTCGAGTAACGTCGGTGTTTCCAAGCTGGCGTTAGCGATGCCGTCCTCAGCGTTAGTAGATACTTACTCACGTTTTGGACTGGGAAAAGCGACCAATTTGGGGTTGGTCGGAGAACGCAGTGGCTTATATCCTCAAAAACAACGGTGGTCTGACATAGAGAGGGCCACCTTCT,EcoCyc
33,small regulatory RNA GadF,RNA0-392,sRNA,gadF,CTTTATTCCCCTGGTATGTGTATCCACCAGTAGAACCCTTCGTTGCCCGAATGCTGGCAGGAACTGTTGGCAGAACGGCAACATTTTTTTT,EcoCyc
34,small regulatory RNA GadY,IS183-RNA,sRNA,gadY,ACTGAGAGCACAAAGTTTCCCGTGCCAACAGGGAGTGTTATAACGGTTTATTAGTCTGGAGACGGCAGACTATCCTCTTCCCGGTCCCCTATGCCGGGTTTTTTTT,EcoCyc
35,small regulatory RNA GcvB,GCVB-RNA,sRNA,gcvB,ACTTCCTGAGCCGGAACGAAAAGTTTTATCGGAATGCGTGTTCTGGTGAACTTTTGGCTTACGGTTGTGATGTTGTGTTGTTGTGTTTGCAATTGGTCTGCGATTCAGACCATGGTAGCAAAGCTACCTTTTTTCACTTCCTGTACATTTACCCTGTCTGTCCATAGTGATTAATGTAGCACCGCCTAATTGCGGTGCTTTTTTTT,EcoCyc
36,small regulatory RNA GlmY,TKE1-RNA,sRNA,glmY,AGTGGCTCATTCACCGACTTATGTCAGCCCCTTCGGGACGTGCTACATAAAATACGAATGACGCACAACAAGGTGCCTGCCGTCCAACTTCTGATATCAGCGTAGCTATATCAACCATCGGGCGAAACGTCGAGTTAGGCACCGCCTTATTCCATAACAAAGCCGGGTAATTCCCGGCTTTGTT,EcoCyc
37,small regulatory RNA GlmZ,SRAJ-RNA,sRNA,glmZ,GTAGATGCTCATTCCATCTCTTATGTTCGCCTTAGTGCCTCATAAACTCCGGAATGACGCAGAGCCGTTTACGGTGCTTATCGTCCACTGACAGATGTCGCTTATGCCTCATCAGACACCATGGACACAACGTTGAGTGAAGCACCCACTTGTTGTCATACAGACCTGTTTT,EcoCyc
38,small regulatory RNA GlnZ,RNA0-434,sRNA,glnZ,TTTTAGTTGCCGTGGAAACTTTTCGCCTGTCTCTGGCAGGCCTGGGATCGGTGGCAAGCACATCACGCCGGATGCGACGCAAATGCGTCTTATCCGGCCTACACGGTGATGATGTGGTAGGCCGGAGCAGGTGAGTCGCTCTCCAACGTGAAGTTTGTCAGCTATCTGTAGCCCATCTCTGCATGGGCTTTTTT,EcoCyc
39,small regulatory RNA IspZ,RNA0-412,sRNA,ispZ,ATCTGATCGTAAGTAGTTGGCTTTATAAGGTCAGATATGCCGTGGTTTTACACGGCTTTTT,EcoCyc
40,small regulatory RNA IstR-1,RNA0-282,sRNA,istR,GCACTAAATACGTCAAAATTCGTGCCGAAATTGCGCGTTCTGCGCGGAACACGTATACTTTCAGTGTTGACATAATACAGTGTGCTTTGCGGTTACCAGCCGCAGGCGACTGACGAAACCTCGCTCCGGCGGGGTTTTTT,EcoCyc
42,small regulatory RNA McaS,IS061-RNA,sRNA,mcaS,ACCGGCGCAGAGGAGACAATGCCGGATTTAAGACGCGGATGCACTGCTGTGTGTACTGTAGAGTCTGGCGGATGTCGACAGACTCTATTTTTTT,EcoCyc
43,small regulatory RNA MgrR,RNA0-348,sRNA,mgrR,GATTCGTTATCAGTGCAGGAAAATGCCTGTTAGCGTAAAAGCAAAACACAAATCTATCCATGCAAGCATTCACCGCCGGTTTACTGGCGGTTTTTTTT,EcoCyc
44,small regulatory RNA MicA,SRAD-RNA,sRNA,micA,GAAAGACGCGCATTTGTTATCATCATCCCTGAATTCAGAGATGAAATTTTGGCCACTCACGAGTGGCCTTTTT,EcoCyc
45,small regulatory RNA MicC,TKE8-RNA,sRNA,micC,GTTATATGCCTTTATTGTCACAGATTTTATTTTCTGTTGGGCCATTGCATTGCCACTGATTTTCCAACATATAAAAAGACAAGCCCGAACAGTCGTCCGGGCTTTTTTTTT,EcoCyc
46,small regulatory RNA MicF,MICF-RNA,sRNA,micF,GCTATCATCATTAACTTTATTTATTACCGTCATTCATTTCTGAATGTCTGTTTACCCCTATTTCAACCGGATGCCTCGCATTCGGTTTTTTTT,EcoCyc
47,small regulatory RNA MicL-S,RNA0-386,sRNA,micL,ATGGCCGGAGCAGGAGTCCGTGCAGAAAACCTGCACCACTTCCTCGATGCCGGAGTGCTGGAAGTCCATAGCTCCGCGGGAGCGTGGCAAGCCTCACCGATGCGTTATCGTAATCAAGGATTGTCCATGTCATCAGATGAACACGCGGACGAGTATTCGCGTTATATCGTAGACGGGGCGGCGGTTGCTGAAATGAAAGGAATCATTGAACGCCATCAGGCCAAATGATTTTTACCGTTGCATCATGTCGCCCAATATGATGCTTGCTCGTACCAGGCCCCTGCAATTTCAACAGGGGCCTTTTTTT,EcoCyc
48,small regulatory RNA Och5,RNA0-363,sRNA,och5,ATCCTTGTCCGCTTAACCGTTTCAGTCAGCCTATCCTTGATGAAACCGCGAGCAAAGATAGGTGATTACGTCATGGTTTTACAGAAAATTACAGAAAAAGGAGGCAATATCGGGTAAAGGCATTAGCCCGACGAATACGTCGGGCTACAAATATTATT,EcoCyc
49,small regulatory RNA OhsC,RNA0-330,sRNA,ohsC,GTTGAGGGTGCATGCTGCACAAAATTAAAGTTAAAAAGTAAAACCCCCGTTCCTTACCAGTTCGGGGGTTTTACTTTTT,EcoCyc
51,small regulatory RNA OmrB,RYGB-RNA,sRNA,omrB,CCCAGAGGTATTGATAGGTGAAGTCAACTTCGGGTTGAGCACATGAATTACACCAGCCTGCGCAGATGCGCAGGTTTTTTTT,EcoCyc
52,small regulatory RNA OxyS,OXYS-RNA,sRNA,oxyS,GAAACGGAGCGGCACCTCTTTTAACCCTTGAAGTCACTGCCCGTTTCGAGAGTTTCTCAACTCGAATAACTAAAGCCAACGTGAACTTTTGCGGATCTCCAGGATCCGCTTTTTTTT,EcoCyc
53,small regulatory RNA PspH,RNA0-400,sRNA,pspH,GATAATCAAATCTGTCACTATTGCGCCTCTAACAGATTCATCGTGCTGTACCCTACATACAGCCGAACTATAAAAAGAAAGGGCTTCCCAGGTGGAAGCCCTATTTCTTTT,EcoCyc
54,small regulatory RNA RbsZ,RNA0-406,sRNA,rbsZ,GACTATCGCTCAGCTACCCGATCAGATTGGCGCGAAAGGCGTCGAAACCGCAGATAAAGTGCTGAAAGGCGAGAAAGTTCAGGCTAAGTATCCGGTTGATCTGAAACTGGTTGTTAAGCAGTAGTTTTAATCAGGTTGTATGACCTGATGGTGACATAAATACGTCATCGACAGATGAACGTGTAATATAAAGAAAAGCAGGGCACGCGCCACCCTAACACGGTGGCGCATTTT,EcoCyc
55,small regulatory RNA RirA,RNA0-390,sRNA,rirA,TCAAAGTAAGTGCGTTATCAGTATTCAGGTAGCTGTTGAGCCTGGGGCGGTAGCGTGCTTTTTTCTGCTTAAC,EcoCyc
56,small regulatory RNA RprA,RPRA-RNA,sRNA,rprA,ACGGTTATAAATCAACATATTGATTTATAAGCATGGAAATCCCCTGAGTGAAACAACGAATTGCTGTGTGTAGTCTTTGCCCATCTCCCACGATGGGCTTTTTTTT,EcoCyc
57,small regulatory RNA RseX,RNA0-327,sRNA,rseX,TTTTTATTATTCTGTGTCATGATGCTTCCGTTATTAGCCTTTTATCGTCTTGTTTATATTTTTTGGGCCGGCATGATGCCGGCTTTTTTTT,EcoCyc
58,small regulatory RNA RybB,RYBB-RNA,sRNA,rybB,GCCACTGCTTTTCTTTGATGTCCCCATTTTGTGGAGCCCATCAACCCCGCCATTTCGGTTCAAGGTTGATGGGTTTTTT,EcoCyc
59,small regulatory RNA RydB,RYDB-RNA,sRNA,rydB,ATTATTCTTATCGCCCCTTCAAGAGCTAAGCCACTGAGAGTGCCGGAGATAAGCGCCGGATGGGGTAG,EcoCyc
60,small regulatory RNA RydC,RNA0-328,sRNA,rydC,CTTCCGATGTAGACCCGTATTCTTCGCCTGTACCACGGGTCGGTTTTAGTACAGGCGTTTTCTTT,EcoCyc
61,small regulatory RNA RyfA,RYFA-RNA,sRNA,ryfA,GCGGCCCTTTCCGCCGTCTCGCAAACGGGCGCTGGCTTTAGGAAAGGATGTTCCGTGGCCGTAAATGCAGGTGTTTCACAGCGCTTGCTATCGCGGCAATATCGCCAGTGGTGCTGTCGTGATGCGGTCTTCGCATGGACCGCACAATGAAGATACGGTGCTTTTGTATCGTACTTATTGTTTCTGGTGCGCTGTTAACCGAGGTAAATAATAACCGGAGTCTCTCCGGCGACAATTTACTGGTGGTTAACAACCTTCAGAGCAGCAAGTAAGCCCGAATGCCGCCCTTTGGGCGGCATATTTT,EcoCyc
62,small regulatory RNA RyfD,RNA0-331,sRNA,ryfD,AATCAAGACGATCCGGTACGCGTGATTTTCTTTTCACATTAATCTGGTCAATAACCTTGAATAATTGAGGGATGACCTCATTTAATCTCCAGTAGCAACTTTGATCCGTTATGGGAGGAGTTATGCGTCTGGATCGTCTTACT,EcoCyc
63,small regulatory RNA RyhB,SRAI-RNA,sRNA,ryhB,GCGATCAGGAAGACCCTCGCGGAGAACCTGAAAGCACGACATTGCTCACATTGCTTCCAGTATTACTTAGCCAGCCGGGTGCTGGCTTTTTTTTT,EcoCyc
64,small regulatory RNA SdhX,RNA0-403,sRNA,sdhX,ATATCTGTAATAAGAAATAGCCCTCGCCGCTTCCCTCTACAGGAATGGCGAAGGGCTGTCGGTTTCGACATGGTTGGCCATCGTATGATGGCCTTTTTTGT,EcoCyc
65,small regulatory RNA SdsN,RNA0-361,sRNA,sdsN,ATTCAGGCAATGAATTACTTTTGCAAGCCATCGCATTCTCTTATGTTATTAATGAGTTATGCTGATTTGTTAAGCAGTTTTATCAGGCTTGAAATGGCGTCCAGCCCCGACAGGTGAATCGTCGGGGCTGATTTTTT,EcoCyc
66,small regulatory RNA SdsR,RYEB-RNA,sRNA,sdsR,GGCAAGGCAACTAAGCCTGCATTAATGCCAACTTTTAGCGCACGGCTCTCTCCCAAGAGCCATTTCCCTGGACCGAATACAGGAATCGTGTTCGGTCTCTTTTT,EcoCyc
67,small regulatory RNA SgrS,RNA0-241,sRNA,sgrS,GATGAAGCAAGGGGGTGCCCCATGCGTCAGTTTTATCAGCACTATTTTACCGCGACAGCGAAGTTGTGCTGGTTGCGTTGGTTAAGCGTCCCACAACGATTAACCATGCTTGAAGGACTGATGCAGTGGGATGACCGCAATTCTGAAAGTTGACTTGCCTGCATCATGTGTGACTGAGTATTGGTGTAAAATCACCCGCCAGCAGATTATACCTGCTGGTTTTTTTT,EcoCyc
68,small regulatory RNA Spot 42,SPF-RNA,sRNA,spf,GTAGGGTACAGAGGTAAGATGTTCTATCTTTCAGACCTTTTACTTCACGTAATCGGATTTGGCTGAATATTTTAGCCGCCCCAGTCAGTAATGACTGGGGCGTTTTTTATT,EcoCyc
69,small regulatory RNA SraG,SRAG-RNA,sRNA,sraG,TCTTTCTTAGACAGTACCTTACGGCACTGGTGTTAATACCCGATCTTCTGCGCATCCTCGCGACTAATGACAACCCTAACCCAGCTCTATGTGGGTAAAGCCTCTCATTAGCCGCGCGAACCTCTGCAACGGAAGATCATTCATAGCAACAATACATTAGTTTCCAGTGAATTGCTGCCGTCAGCTTGAAAAAAGGGGCCACTCAGGCCCCCTTTT,EcoCyc
70,small regulatory RNA SroC,RNA0-124,sRNA,sroC,ACTAATTACAAGAACCAGGGGCGGAAATTCCAGCCCTCTCGATTGTTACGTAGCACGGACAGACTATACGCCTGATGGTCGTTCCCCATCGGGCCTGAAAACCGCAATACGCTGGGTAACAATCTTCGAGGGTAGCAGTTAACGCTGCTACCCTCTTTTTTCT,EcoCyc
71,small regulatory RNA ZbiJ,RNA0-417,sRNA,zbiJ,TTTCCCTGTCTGTTTGCCGACAGACGCATATGCTCTAACCCTCATTGATCCTATGTTACCCTTGTTTGCCCGTCCGCCACTGGACGGGCTTTTTTTT,EcoCyc
72,small RNA SibB,RYED-RNA,sRNA,sibB,GAGGGTAGAGCGGGGTTTCCCCCGCCCTGGTAGTCTTAGTAAGCGGGGAAGCTTATGACTAAGAGCACCACGATGATGAGTAGCTTCATCATGACCCTTTCCTTATTTATGGCCCCTTCCTCGGGAGGGGCTTTCC,EcoCyc
73,small RNA SibD,C0730-RNA,sRNA,sibD,ACAAGGGTGAGGGAGGATTTCTCCCCCCTCTGATTGGCTGTTAATAAGCTGCGAAACTTACGAGTAACAACACAATCAGTATGATGACGAGCTTCATCATAACCCTTTCCTTCTGTAAGGCCCCCTTCTTCGGGAGGGGCTTTCC,EcoCyc
74,small RNA SibE,RNA0-332,sRNA,sibE,ACAAGGGTAAGGGAGGATTTCTCCCCCCTCTGATGAGTTGTTAGTAAGTCGGGAAACTTAACAGTAACAACACAACCAGTATGATGACGAGCTTCATCATAACCCTTTCCTTATACAAGGCCCCTTCTTCGGGAGGGGCTTTCC,EcoCyc
